INSERT INTO TA_ASET.lokasi
(ID_LOKASI, NAMA_LOKASI)
VALUES(52001,'Lewo Baru');
INSERT INTO TA_ASET.lokasi
(ID_LOKASI, NAMA_LOKASI)
VALUES(52002,'Sukaratu');
INSERT INTO TA_ASET.lokasi
(ID_LOKASI, NAMA_LOKASI)
VALUES(52003,'Cangkuang');
INSERT INTO TA_ASET.lokasi
(ID_LOKASI, NAMA_LOKASI)
VALUES(52004,'Sukaluyu');
INSERT INTO TA_ASET.lokasi
(ID_LOKASI, NAMA_LOKASI)
VALUES(52005,'Sukarame');
INSERT INTO TA_ASET.lokasi
(ID_LOKASI, NAMA_LOKASI)
VALUES(52006,'Sukakarya');
INSERT INTO TA_ASET.lokasi
(ID_LOKASI, NAMA_LOKASI)
VALUES(52007,'Banyuresmi');
INSERT INTO TA_ASET.lokasi
(ID_LOKASI, NAMA_LOKASI)
VALUES(52008,'Cimurah');
INSERT INTO TA_ASET.lokasi
(ID_LOKASI, NAMA_LOKASI)
VALUES(52009,'Pamulihan');
INSERT INTO TA_ASET.lokasi
(ID_LOKASI, NAMA_LOKASI)
VALUES(52010,'Mekarbakti');
INSERT INTO TA_ASET.lokasi
(ID_LOKASI, NAMA_LOKASI)
VALUES(52011,'Bojong');
INSERT INTO TA_ASET.lokasi
(ID_LOKASI, NAMA_LOKASI)
VALUES(52012,'Cidatar');
INSERT INTO TA_ASET.lokasi
(ID_LOKASI, NAMA_LOKASI)
VALUES(52013,'Simpang');
INSERT INTO TA_ASET.lokasi
(ID_LOKASI, NAMA_LOKASI)
VALUES(52014,'Depok');
INSERT INTO TA_ASET.lokasi
(ID_LOKASI, NAMA_LOKASI)
VALUES(52015,'Leuwigoong');
INSERT INTO TA_ASET.lokasi
(ID_LOKASI, NAMA_LOKASI)
VALUES(52016,'DAS Cimaragas');
INSERT INTO TA_ASET.lokasi
(ID_LOKASI, NAMA_LOKASI)
VALUES(52017,'DAS Parigi');
INSERT INTO TA_ASET.lokasi
(ID_LOKASI, NAMA_LOKASI)
VALUES(52018,'DAS Badama');
INSERT INTO TA_ASET.lokasi
(ID_LOKASI, NAMA_LOKASI)
VALUES(52019,'DAS Cikendi');
INSERT INTO TA_ASET.lokasi
(ID_LOKASI, NAMA_LOKASI)
VALUES(52020,'DAS Ciojar ');
INSERT INTO TA_ASET.lokasi
(ID_LOKASI, NAMA_LOKASI)
VALUES(52021,'DAS Ciwalen');
INSERT INTO TA_ASET.lokasi
(ID_LOKASI, NAMA_LOKASI)
VALUES(52022,'DAS Cimanuk');
INSERT INTO TA_ASET.lokasi
(ID_LOKASI, NAMA_LOKASI)
VALUES(52023,'DAS Cikatel');
INSERT INTO TA_ASET.lokasi
(ID_LOKASI, NAMA_LOKASI)
VALUES(52024,'DAS Cigarut');
INSERT INTO TA_ASET.lokasi
(ID_LOKASI, NAMA_LOKASI)
VALUES(52025,'Cilauteraun');
INSERT INTO TA_ASET.lokasi
(ID_LOKASI, NAMA_LOKASI)
VALUES(52026,'Maroko');
INSERT INTO TA_ASET.lokasi
(ID_LOKASI, NAMA_LOKASI)
VALUES(52027,'Cipaleubuh');
INSERT INTO TA_ASET.lokasi
(ID_LOKASI, NAMA_LOKASI)
VALUES(52028,'Citameng IV');
INSERT INTO TA_ASET.lokasi
(ID_LOKASI, NAMA_LOKASI)
VALUES(52029,'Cianteun');
INSERT INTO TA_ASET.lokasi
(ID_LOKASI, NAMA_LOKASI)
VALUES(52030,'Cioajar');
INSERT INTO TA_ASET.lokasi
(ID_LOKASI, NAMA_LOKASI)
VALUES(52031,'Cimaragas');
INSERT INTO TA_ASET.lokasi
(ID_LOKASI, NAMA_LOKASI)
VALUES(52032,'Citameng III');
INSERT INTO TA_ASET.lokasi
(ID_LOKASI, NAMA_LOKASI)
VALUES(52033,'Kp. Sipon Ds. Bayongbong');
INSERT INTO TA_ASET.lokasi
(ID_LOKASI, NAMA_LOKASI)
VALUES(52034,'Cadasgantung');
INSERT INTO TA_ASET.lokasi
(ID_LOKASI, NAMA_LOKASI)
VALUES(52035,'Baranangsiang');
INSERT INTO TA_ASET.lokasi
(ID_LOKASI, NAMA_LOKASI)
VALUES(52036,'Cimanuk');
INSERT INTO TA_ASET.lokasi
(ID_LOKASI, NAMA_LOKASI)
VALUES(52037,'Ciroyom');
INSERT INTO TA_ASET.lokasi
(ID_LOKASI, NAMA_LOKASI)
VALUES(52038,'Cipacing');
INSERT INTO TA_ASET.lokasi
(ID_LOKASI, NAMA_LOKASI)
VALUES(52039,'DI Citameng I Kec. Karangtengah');
INSERT INTO TA_ASET.lokasi
(ID_LOKASI, NAMA_LOKASI)
VALUES(52040,'Cipejeuh');
INSERT INTO TA_ASET.lokasi
(ID_LOKASI, NAMA_LOKASI)
VALUES(52041,'DI. Ciojar Kec. Banyuresmi');
INSERT INTO TA_ASET.lokasi
(ID_LOKASI, NAMA_LOKASI)
VALUES(52042,'Cikurai');
INSERT INTO TA_ASET.lokasi
(ID_LOKASI, NAMA_LOKASI)
VALUES(52043,'Cibuluh');
INSERT INTO TA_ASET.lokasi
(ID_LOKASI, NAMA_LOKASI)
VALUES(52044,'DI. Citameng IV Kec. Sukawening');
INSERT INTO TA_ASET.lokasi
(ID_LOKASI, NAMA_LOKASI)
VALUES(52045,'Citameng I');

INSERT INTO TA_ASET.lokasi
(ID_LOKASI, NAMA_LOKASI)
VALUES(52046,' Cilawu');
INSERT INTO TA_ASET.lokasi
(ID_LOKASI, NAMA_LOKASI)
VALUES(52047,'Garut');
INSERT INTO TA_ASET.lokasi
(ID_LOKASI, NAMA_LOKASI)
VALUES(52048,'Sucinaraja');
INSERT INTO TA_ASET.lokasi
(ID_LOKASI, NAMA_LOKASI)
VALUES(52049,'Tarogong Kidul');
INSERT INTO TA_ASET.lokasi
(ID_LOKASI, NAMA_LOKASI)
VALUES(52050,'Samarang');
INSERT INTO TA_ASET.lokasi
(ID_LOKASI, NAMA_LOKASI)
VALUES(52051,'Pasirwangi');
INSERT INTO TA_ASET.lokasi
(ID_LOKASI, NAMA_LOKASI)
VALUES(52052,'Leles');
INSERT INTO TA_ASET.lokasi
(ID_LOKASI, NAMA_LOKASI)
VALUES(52053,'Kadungora');
INSERT INTO TA_ASET.lokasi
(ID_LOKASI, NAMA_LOKASI)
VALUES(52054,'Karangtengah');
INSERT INTO TA_ASET.lokasi
(ID_LOKASI, NAMA_LOKASI)
VALUES(52055,'Sukawening');
INSERT INTO TA_ASET.lokasi
(ID_LOKASI, NAMA_LOKASI)
VALUES(52056,'Cibatu');
INSERT INTO TA_ASET.lokasi
(ID_LOKASI, NAMA_LOKASI)
VALUES(52057,'Limbangan');
INSERT INTO TA_ASET.lokasi
(ID_LOKASI, NAMA_LOKASI)
VALUES(52058,'Cigedug');
INSERT INTO TA_ASET.lokasi
(ID_LOKASI, NAMA_LOKASI)
VALUES(52059,'Bayongbong');
INSERT INTO TA_ASET.lokasi
(ID_LOKASI, NAMA_LOKASI)
VALUES(52060,'Cisurupan');
INSERT INTO TA_ASET.lokasi
(ID_LOKASI, NAMA_LOKASI)
VALUES(52061,'Singajaya');
INSERT INTO TA_ASET.lokasi
(ID_LOKASI, NAMA_LOKASI)
VALUES(52062,'Banjarwangi');
INSERT INTO TA_ASET.lokasi
(ID_LOKASI, NAMA_LOKASI)
VALUES(52063,'Cibolang');
INSERT INTO TA_ASET.lokasi
(ID_LOKASI, NAMA_LOKASI)
VALUES(52064,'Cisompet');
INSERT INTO TA_ASET.lokasi
(ID_LOKASI, NAMA_LOKASI)
VALUES(52065,'Bungbulang');
INSERT INTO TA_ASET.lokasi
(ID_LOKASI, NAMA_LOKASI)
VALUES(52066,'Mekarmukti');
INSERT INTO TA_ASET.lokasi
(ID_LOKASI, NAMA_LOKASI)
VALUES(52067,'Caringin');

INSERT INTO TA_ASET.lokasi
(ID_LOKASI, NAMA_LOKASI)
VALUES(52068,'Wanaraja');
INSERT INTO TA_ASET.lokasi
(ID_LOKASI, NAMA_LOKASI)
VALUES(52069,'Cibiuk');
INSERT INTO TA_ASET.lokasi
(ID_LOKASI, NAMA_LOKASI)
VALUES(52070,'Karang Tengah');
INSERT INTO TA_ASET.lokasi
(ID_LOKASI, NAMA_LOKASI)
VALUES(52071,'Selaawi');
INSERT INTO TA_ASET.lokasi
(ID_LOKASI, NAMA_LOKASI)
VALUES(52072,'Cibalong');
INSERT INTO TA_ASET.lokasi
(ID_LOKASI, NAMA_LOKASI)
VALUES(52073,'Cikajang');
INSERT INTO TA_ASET.lokasi
(ID_LOKASI, NAMA_LOKASI)
VALUES(52074,'Pakenjeng');
INSERT INTO TA_ASET.lokasi
(ID_LOKASI, NAMA_LOKASI)
VALUES(52075,'Talegong');

INSERT INTO TA_ASET.jenis_pegawai
(ID_JENIS, NAMA_JENIS)
VALUES(11,'SDA');

INSERT INTO TA_ASET.jenis_pegawai
(ID_JENIS, NAMA_JENIS)
VALUES(22,'Sub. Bag. Keuangan dan Aset');

INSERT INTO TA_ASET.pegawai (NOMOR_INDUK_PEGAWAI, ID_JENIS, NAMA_PEGAWAI, PASSWORD) VALUES(1990070720000808, 11, 'amin a.m.', 121212);
INSERT INTO TA_ASET.pegawai (NOMOR_INDUK_PEGAWAI, ID_JENIS, NAMA_PEGAWAI, PASSWORD) VALUES(1999040420020303, 11, 'mina m.a.', 212121);
INSERT INTO TA_ASET.pegawai (NOMOR_INDUK_PEGAWAI, ID_JENIS, NAMA_PEGAWAI, PASSWORD) VALUES(1998030320010202, 22, 'farhan r.a.', 909090);
INSERT INTO TA_ASET.pegawai (NOMOR_INDUK_PEGAWAI, ID_JENIS, NAMA_PEGAWAI, PASSWORD) VALUES(2000060620200404, 22, 'mumuh k.m.', 676767);
INSERT INTO TA_ASET.pegawai (NOMOR_INDUK_PEGAWAI, ID_JENIS, NAMA_PEGAWAI, PASSWORD) VALUES(1998060620020303, 22, 'dirga h.y.', 545454);

INSERT INTO ta_aset.dak VALUES('501', '52046', 'Irigasi Cipeujeuh', 437, 7190, 4, 3055.75, 42.5, 1676.708, 23.32, 1833.45, 25.5, 624.092, 8.68, 'Rehabilitasi/Peningkatan', 3.081634, 0, 0, 3.081634, 2457.542, 'APBN');
INSERT INTO ta_aset.dak VALUES('502', '52047', 'Irigasi Cimaragas', 809, 10500, 5, 4777.5, 45.5, 2073.75, 19.75, 2625, 25, 1023.75, 9.75, 'Rehabilitasi/Peningkatan', 4.6725, 0, 0, 4.6725, 3648.75, 'APBN');
INSERT INTO ta_aset.dak VALUES('503', '52048', 'Irigasi Cisangkan', 118, 3000, 3, 1239.9, 41.33, 674.7, 22.49, 613.5, 20.45, 471.9, 15.73, 'Rehabilitasi/Peningkatan', 1.5573, 0, 0, 1.5573, 1085.4, 'APBN');
INSERT INTO ta_aset.dak VALUES('504', '52049', 'Irigasi Badama', 556, 7505, 5, 3044.028, 40.56, 1925.783, 25.66, 1407.1875, 18.75, 1128.0015, 15.03, 'Rehabilitasi/Peningkatan', 3.6631905, 0.5, 346.035648432698, 3.1631905, 2189.1533515673, 'APBN');
INSERT INTO ta_aset.dak VALUES('505', '52050', 'Irigasi Cikamiri II', 354, 2500, 2.5, 1001.25, 40.05, 594.25, 23.77, 495, 19.8, 409.5, 16.38, 'Rehabilitasi/Peningkatan', 1.314, 0, 0, 1.314, 904.5, 'APBN');
INSERT INTO ta_aset.dak VALUES('506', '52007', 'Irigasi Cibuyutan', 322, 2680, 2.5, 1056.188, 39.41, 654.188, 24.41, 481.06, 17.95, 488.564, 18.23, 'Rehabilitasi/Peningkatan', 1.458188, 0, 0, 1.458188, 969.624, 'APBN');
INSERT INTO ta_aset.dak VALUES('507', '52007', 'Irigasi Ciojar', 303, 4300, 5, 1522.63, 35.41, 1221.63, 28.41, 793.35, 18.45, 762.39, 17.73, 'Rehabilitasi/Peningkatan', 2.31813, 0, 0, 2.31813, 1555.74, 'APBN');
INSERT INTO ta_aset.dak VALUES('508', '52050', 'Irigasi Parigi', 408, 2680, 3, 1129.352, 42.14, 581.024, 21.68, 481.06, 17.95, 488.564, 18.23, 'Rehabilitasi/Peningkatan', 1.458188, 0, 0, 1.458188, 969.624, 'APBN');
INSERT INTO ta_aset.dak VALUES('509', '52050', 'Irigasi Beulahnangka', 459, 4000, 3, 1624.4, 40.61, 928.4, 23.21, 805.6, 20.14, 641.6, 16.04, 'Rehabilitasi/Peningkatan', 2.0888, 0.5, 346.418996553045, 1.5888, 1100.78100344695, 'APBN');
INSERT INTO ta_aset.dak VALUES('510', '52050', 'Irigasi Ciroyom', 762, 3400, 3.5, 1339.94, 39.41, 829.94, 24.41, 637.16, 18.74, 592.96, 17.44, 'Rehabilitasi/Peningkatan', 1.82308, 0, 0, 1.82308, 1230.12, 'APBN');
INSERT INTO ta_aset.dak VALUES('511', '52051', 'Irigasi Cikamiri', 765, 4077, 3, 1723.3479, 42.27, 878.5935, 21.55, 691.0515, 16.95, 784.0071, 19.23, 'Rehabilitasi/Peningkatan', 2.2590657, 0, 0, 2.2590657, 1475.0586, 'APBN');
INSERT INTO ta_aset.dak VALUES('512', '52052', 'Irigasi Cibuyutan Utara', 463, 7000, 4.5, 2808.4, 40.12, 1659, 23.7, 1232.7, 17.61, 1299.9, 18.57, 'Rehabilitasi/Peningkatan', 3.8325, 0, 0, 3.8325, 2532.6, 'APBN');
INSERT INTO ta_aset.dak VALUES('513', '52015', 'Irigasi Citikey', 375, 7800, 4, 3021.72, 38.74, 1956.24, 25.08, 1652.04, 21.18, 1170, 15, 'Rehabilitasi/Peningkatan', 3.99204, 0.5, 353.458382180539, 3.49204, 2468.58161781946, 'APBN');
INSERT INTO ta_aset.dak VALUES('514', '52052', 'Irigasi Cicapar', 277, 2400, 3, 947.28, 39.47, 584.4, 24.35, 482.4, 20.1, 385.92, 16.08, 'Rehabilitasi/Peningkatan', 1.25424, 0, 0, 1.25424, 868.32, 'APBN');
INSERT INTO ta_aset.dak VALUES('515', '52053', 'Irigasi Cipancar', 520, 10810, 3.5, 4307.785, 39.85, 3101.389, 28.69, 2124.165, 19.65, 1276.661, 11.81, 'Rehabilitasi/Peningkatan', 4.677487, 0, 0, 4.677487, 3400.826, 'APBN');
INSERT INTO ta_aset.dak VALUES('516', '52053', 'Irigasi Cimarijawa', 437, 2500, 3, 928.75, 37.15, 666.75, 26.67, 456.75, 18.27, 447.75, 17.91, 'Rehabilitasi/Peningkatan', 1.35225, 0.5, 334.442595673877, 0.85225, 570.057404326123, 'APBN');
INSERT INTO ta_aset.dak VALUES('517', '52053', 'Irigasi Cisalak', 61, 4000, 2.5, 1592.4, 39.81, 960.4, 24.01, 750.4, 18.76, 696.8, 17.42, 'Rehabilitasi/Peningkatan', 2.144, 0, 0, 2.144, 1447.2, 'APBN');
INSERT INTO ta_aset.dak VALUES('518', '52054', 'Irigasi Citameng I', 507, 7600, 3, 2843.16, 37.41, 2007.16, 26.41, 1470.6, 19.35, 1279.08, 16.83, 'Rehabilitasi/Peningkatan', 4.02876, 0.5, 341.25636672326, 3.52876, 2408.42363327674, 'APBN');
INSERT INTO ta_aset.dak VALUES('519', '52055', 'Irigasi Citameng II', 341, 5250, 3, 2166.675, 41.27, 1183.875, 22.55, 919.8, 17.52, 979.65, 18.66, 'Rehabilitasi/Peningkatan', 2.8791, 0, 0, 2.8791, 1899.45, 'APBN');
INSERT INTO ta_aset.dak VALUES('520', '52055', 'Irigasi Citameng III', 151, 4942, 3, 1996.568, 40.4, 1157.4164, 23.42, 910.3164, 18.42, 877.6992, 17.76, 'Rehabilitasi/Peningkatan', 2.6657148, 0, 0, 2.6657148, 1788.0156, 'APBN');
INSERT INTO ta_aset.dak VALUES('521', '52055', 'Irigasi Citameng IV', 484, 8056, 3, 2957.3576, 36.71, 2183.9816, 27.11, 1619.256, 20.1, 1295.4048, 16.08, 'Rehabilitasi/Peningkatan', 4.2100656, 0, 0, 4.2100656, 2914.6608, 'APBN');
INSERT INTO ta_aset.dak VALUES('522', '52056', 'Irigasi Cipacing', 270, 3040, 3, 1138.784, 37.46, 972.192, 31.98, 555.712, 18.28, 373.312, 12.28, 'Rehabilitasi/Peningkatan', 1.302336, 0, 0, 1.302336, 929.024, 'APBN');
INSERT INTO ta_aset.dak VALUES('523', '52057', 'Irigasi Cianten', 586, 5348, 3, 1898.0052, 35.49, 1657.88, 31, 1036.4424, 19.38, 755.6724, 14.13, 'Rehabilitasi/Peningkatan', 2.5477872, 0, 0, 2.5477872, 1792.1148, 'APBN');
INSERT INTO ta_aset.dak VALUES('524', '52057', 'Irigasi Cibedug', 517, 5132, 3, 1889.0892, 36.81, 1386.1532, 27.01, 1089.0104, 21.22, 767.7472, 14.96, 'Rehabilitasi/Peningkatan', 2.6245048, 0, 0, 2.6245048, 1856.7576, 'APBN');
INSERT INTO ta_aset.dak VALUES('525', '52057', 'Irigasi Leuwibolang', 154, 7000, 2.5, 2503.2, 35.76, 1964.2, 28.06, 1384.6, 19.78, 1148, 16.4, 'Rehabilitasi/Peningkatan', 3.6806, 0, 0, 3.6806, 2532.6, 'APBN');
INSERT INTO ta_aset.dak VALUES('526', '52058', 'Irigasi Baranangsiang', 882, 17000, 5, 6726.9, 39.57, 4122.5, 24.25, 3466.3, 20.39, 2684.3, 15.79, 'Rehabilitasi/Peningkatan', 8.8349, 0.5, 348.085433904175, 8.3349, 5802.51456609583, 'APBN');
INSERT INTO ta_aset.dak VALUES('527', '52058', 'Irigasi Cadasgantung', 321, 5593, 5, 2107.4424, 37.68, 1462.0102, 26.14, 1165.5812, 20.84, 857.9662, 15.34, 'Rehabilitasi/Peningkatan', 2.8815136, 0, 0, 2.8815136, 2023.5474, 'APBN');
INSERT INTO ta_aset.dak VALUES('528', '52059', 'Irigasi Cimanuk', 874, 16850, 5, 7196.635, 42.71, 4128.25, 24.5, 3814.84, 22.64, 1710.275, 10.15, 'Rehabilitasi/Peningkatan', 7.23539, 0.5, 381.811830461108, 6.73539, 5143.30316953889, 'APBN');
INSERT INTO ta_aset.dak VALUES('529', '52058', 'Irigasi Cikuray', 75, 7000, 3, 2843.4, 40.62, 1624, 23.2, 1522.5, 21.75, 1010.1, 14.43, 'Rehabilitasi/Peningkatan', 3.5427, 0, 0, 3.5427, 2532.6, 'APBN');
INSERT INTO ta_aset.dak VALUES('530', '52060', 'Irigasi Simpangsari', 236, 2500, 2, 992.75, 39.71, 602.75, 24.11, 508.5, 20.34, 396, 15.84, 'Rehabilitasi/Peningkatan', 1.3005, 0, 0, 1.3005, 904.5, 'APBN');
INSERT INTO ta_aset.dak VALUES('531', '52061', 'Irigasi Sindujaya', 560, 16655, 3, 5935.842, 35.64, 4693.379, 28.18, 3827.319, 22.98, 2198.46, 13.2, 'Rehabilitasi/Peningkatan', 8.224239, 0.5, 366.342648845687, 7.724239, 5659.43635115431, 'APBN');
INSERT INTO ta_aset.dak VALUES('532', '52062', 'Irigasi Leuwibitung', 327, 7256, 2.5, 2723.9024, 37.54, 1906.8768, 26.28, 1538.272, 21.2, 1086.9488, 14.98, 'Rehabilitasi/Peningkatan', 3.7121696, 0, 0, 3.7121696, 2625.2208, 'APBN');
INSERT INTO ta_aset.dak VALUES('533', '52063', 'Irigasi Ciawi', 344, 2000, 2.5, 753.6, 37.68, 522.8, 26.14, 462.8, 23.14, 260.8, 13.04, 'Rehabilitasi/Peningkatan', 0.9844, 0.5, 367.533522958147, 0.4844, 356.066477041853, 'APBN');
INSERT INTO ta_aset.dak VALUES('534', '52064', 'Irigasi Curug Ngebul', 136, 3000, 2.5, 1108.5, 36.95, 806.1, 26.87, 635.7, 21.19, 449.7, 14.99, 'Rehabilitasi/Peningkatan', 1.5351, 0, 0, 1.5351, 1085.4, 'APBN');
INSERT INTO ta_aset.dak VALUES('535', '52065', 'Irigasi Cirompang', 847, 12874, 2.5, 4965.5018, 38.57, 3250.685, 25.25, 2639.17, 20.5, 2018.6432, 15.68, 'Rehabilitasi/Peningkatan', 6.6764564, 0.5, 348.823756266872, 6.1764564, 4308.98944373313, 'APBN');
INSERT INTO ta_aset.dak VALUES('536', '52065', 'Irigasi Cipandan', 250, 2500, 2, 938.5, 37.54, 657, 26.28, 516.75, 20.67, 387.75, 15.51, 'Rehabilitasi/Peningkatan', 1.29225, 0, 0, 1.29225, 904.5, 'APBN');
INSERT INTO ta_aset.dak VALUES('537', '52066', 'Irigasi Cijayana', 286, 4000, 2, 1430, 35.75, 1122.8, 28.07, 774.8, 19.37, 672.4, 16.81, 'Rehabilitasi/Peningkatan', 2.1196, 0, 0, 2.1196, 1447.2, 'APBN');
INSERT INTO ta_aset.dak VALUES('538', '52067', 'Irigasi Cipancong', 355, 7658, 2, 1956.619, 25.55, 1169.3766, 15.27, 1483.3546, 19.37, 3048.6498, 39.81, 'Rehabilitasi/Peningkatan', 7.5806542, 0, 0, 7.5806542, 4532.0044, 'APBN');

INSERT INTO ta_aset.dataspa (ID_DATASPA, NAMA_DATASPA, LINK_GIS) VALUES('60', 'Garut', 'www.arcgis.com/apps/Embed/index.html?webmap=ef284696a7a8437e8aac540dd4e680e3&extent=107.54,-7.4457,107.5849,-7.4224&home=true&zoom=true&previewImage=false&scale=true&search=true&searchextent=true&details=true&legendlayers=true&active_panel=details&basemap_gallery=true&disable_scroll=true&theme=light');

INSERT INTO ta_aset.aset (ID_ASET, NAMA_ASET) VALUES('AS01', 'Irigasi');
INSERT INTO ta_aset.aset (ID_ASET, NAMA_ASET) VALUES('AS02', 'DAS');
INSERT INTO ta_aset.aset (ID_ASET, NAMA_ASET) VALUES('AS03', 'Drainase');
INSERT INTO ta_aset.aset (ID_ASET, NAMA_ASET) VALUES('AS04', 'Danau');

INSERT INTO ta_aset.kiba VALUES('3301', '52015', '60', 'Tanah untuk Bangunan Irigasi', '01.01.13.08.001', '0001', 3313, 1/1/2014, 'Pakai', null, '', 'Rumah tinggal', 394223744, '', 'Pembelian');
INSERT INTO ta_aset.kiba VALUES('3302', '52015', '60', 'Tanah untuk Bangunan Irigasi', '01.01.13.08.001', '0002', 20914, 1/1/2013, 'Pakai', null, '', 'Rumah tinggal', 2244817000, '', 'Pembelian');
INSERT INTO ta_aset.kiba VALUES('3303', '52015', '60', 'Tanah untuk Bangunan Irigasi', '01.01.13.08.001', '0003', 14605, 1/1/2013, 'Pakai', null, '', 'Rumah tinggal', 939036729, '', 'Pembelian');
INSERT INTO ta_aset.kiba VALUES('3304', '52015', '60', 'Tanah untuk Bangunan Irigasi', '01.01.13.08.001', '0004', 5441, 1/1/2012, 'Pakai', null, '', 'Rumah tinggal', 544130000, '', 'Pembelian');
INSERT INTO ta_aset.kiba VALUES('3305', '52015', '60', 'Tanah untuk Bangunan Irigasi', '01.01.13.08.001', '0005', 7333, 1/1/2010, 'Pakai', null, '', 'Rumah tinggal', 513310000, '', 'Pembelian');
INSERT INTO ta_aset.kiba VALUES('3306', '52015', '60', 'Tanah untuk Bangunan Irigasi', '01.01.13.08.001', '0006', 5984, 1/1/2009, 'Pakai', null, '', 'Rumah tinggal', 1871338616, '', 'Pembelian');
INSERT INTO ta_aset.kiba VALUES('3307', '52016', '60', 'Tanah untuk Bangunan Irigasi', '01.01.13.08.001', '0007', 788, 1/1/2007, 'Pakai', null, '', 'Rumah tinggal', 22500000, '', 'Pembelian');
INSERT INTO ta_aset.kiba VALUES('3308', '52016', '60', 'Tanah untuk Bangunan Irigasi', '01.01.13.08.001', '0008', 3400, 1/1/2007, 'Pakai', null, '', 'Rumah tinggal', 102000000, '', 'Pembelian');
INSERT INTO ta_aset.kiba VALUES('3309', '52017', '60', 'Tanah untuk Bangunan Irigasi', '01.01.13.08.001', '0009', 900, 1/1/2007, 'Pakai', null, '', 'Rumah tinggal', 27000000, '', 'Pembelian');
INSERT INTO ta_aset.kiba VALUES('3310', '52018', '60', 'Tanah untuk Bangunan Irigasi', '01.01.13.08.001', '0010', 848, 1/1/2007, 'Pakai', null, '', 'Rumah tinggal', 25440000, '', 'Pembelian');
INSERT INTO ta_aset.kiba VALUES('3311', '52018', '60', 'Tanah untuk Bangunan Irigasi', '01.01.13.08.001', '0011', 1200, 1/1/2007, 'Pakai', null, '', 'Rumah tinggal', 36000000, '', 'Pembelian');
INSERT INTO ta_aset.kiba VALUES('3312', '52019', '60', 'Tanah untuk Bangunan Irigasi', '01.01.13.08.001', '0012', 1112, 1/1/2007, 'Pakai', null, '', 'Rumah tinggal', 33360000, '', 'Pembelian');
INSERT INTO ta_aset.kiba VALUES('3313', '52020', '60', 'Tanah untuk Bangunan Irigasi', '01.01.13.08.001', '0013', 500, 1/1/2007, 'Pakai', null, '', 'Rumah tinggal', 15000000, '', 'Pembelian');
INSERT INTO ta_aset.kiba VALUES('3314', '52021', '60', 'Tanah untuk Bangunan Irigasi', '01.01.13.08.001', '0014', 348, 1/1/2007, 'Pakai', null, '', 'Rumah tinggal', 10440000, '', 'Pembelian');
INSERT INTO ta_aset.kiba VALUES('3315', '52022', '60', 'Tanah untuk Bangunan Irigasi', '01.01.13.08.001', '0015', 1116, 1/1/2007, 'Pakai', null, '', 'Rumah tinggal', 33480000, '', 'Pembelian');
INSERT INTO ta_aset.kiba VALUES('3316', '52023', '60', 'Tanah untuk Bangunan Irigasi', '01.01.13.08.001', '0016', 452, 1/1/2007, 'Pakai', null, '', 'Rumah tinggal', 13560000, '', 'Pembelian');
INSERT INTO ta_aset.kiba VALUES('3317', '52024', '60', 'Tanah untuk Bangunan Irigasi', '01.01.13.08.001', '0017', 800, 1/1/2007, 'Pakai', null, '', 'Rumah tinggal', 24000000, '', 'Pembelian');
INSERT INTO ta_aset.kiba VALUES('3318', '52025', '60', 'Tanah untuk Bangunan Irigasi', '01.01.13.08.001', '0018', 39300, 1/1/1999, 'Pakai', null, '', 'Rumah tinggal', 1965000000, '', 'Pembelian');
INSERT INTO ta_aset.kiba VALUES('3319', '52026', '60', 'Tanah untuk Bangunan Irigasi', '01.01.13.08.001', '0019', 5430, 1/1/1985, 'Pakai', null, '', 'Rumah tinggal', 271500000, '', 'Pembelian');
INSERT INTO ta_aset.kiba VALUES('3320', '52026', '60', 'Tanah untuk Bangunan Irigasi', '01.01.13.08.001', '0020', 50000, 1/1/1984, 'Pakai', null, '', 'Rumah tinggal', 2500000000, '', 'Pembelian');
INSERT INTO ta_aset.kiba VALUES('3321', '52027', '60', 'Tanah untuk Bangunan Irigasi', '01.01.13.08.001', '0021', 4576, 1/1/1945, 'Pakai', null, '', 'Rumah tinggal', 228800000, '', 'Pembelian');
INSERT INTO ta_aset.kiba VALUES('3322', '52028', '60', 'Tanah untuk Bangunan Irigasi', '01.01.13.08.001', '0022', 5158, 1/1/1945, 'Pakai', null, '', 'Rumah tinggal', 257900000, '', 'Pembelian');
INSERT INTO ta_aset.kiba VALUES('3323', '52029', '60', 'Tanah untuk Bangunan Irigasi', '01.01.13.08.001', '0023', 56, 1/1/1945, 'Pakai', null, '', 'Rumah tinggal', 2800000, '', 'Pembelian');
INSERT INTO ta_aset.kiba VALUES('3324', '52030', '60', 'Tanah untuk Bangunan Irigasi', '01.01.13.08.001', '0024', 2858, 1/1/1945, 'Pakai', null, '', 'Rumah tinggal', 142900000, '', 'Pembelian');
INSERT INTO ta_aset.kiba VALUES('3325', '52031', '60', 'Tanah untuk Bangunan Irigasi', '01.01.13.08.001', '0025', 61350, 1/1/1945, 'Pakai', null, '', 'Rumah tinggal', 3067500000, '', 'Pembelian');
INSERT INTO ta_aset.kiba VALUES('3326', '52032', '60', 'Tanah untuk Bangunan Irigasi', '01.01.13.08.001', '0026', 910, 1/1/1945, 'Pakai', null, '', 'Rumah tinggal', 45500000, '', 'Pembelian');
INSERT INTO ta_aset.kiba VALUES('3327', '52032', '60', 'Tanah untuk Bangunan Irigasi', '01.01.13.08.001', '0027', 50725, 1/1/1945, 'Pakai', null, '', 'Rumah tinggal', 2536250000, '', 'Pembelian');
INSERT INTO ta_aset.kiba VALUES('3328', '52033', '60', 'Tanah untuk Bangunan Irigasi', '01.01.13.08.001', '0028', 36, 1/1/1945, 'Pakai', null, '', 'Rumah tinggal', 50000, '', 'Pembelian');
INSERT INTO ta_aset.kiba VALUES('3329', '52034', '60', 'Tanah untuk Bangunan Irigasi', '01.01.13.08.001', '0029', 620, 1/1/1945, 'Pakai', null, '', 'Rumah tinggal', 31000000, '', 'Pembelian');
INSERT INTO ta_aset.kiba VALUES('3330', '52035', '60', 'Tanah untuk Bangunan Irigasi', '01.01.13.08.001', '0030', 15800, 1/1/1945, 'Pakai', null, '', 'Rumah tinggal', 790000000, '', 'Pembelian');
INSERT INTO ta_aset.kiba VALUES('3331', '52036', '60', 'Tanah untuk Bangunan Irigasi', '01.01.13.08.001', '0031', 35384, 1/1/1945, 'Pakai', null, '', 'Rumah tinggal', 1769200000, '', 'Pembelian');
INSERT INTO ta_aset.kiba VALUES('3332', '52031', '60', 'Tanah untuk Bangunan Irigasi', '01.01.13.08.001', '0032', 45833, 1/1/1945, 'Pakai', null, '', 'Rumah tinggal', 2291650000, '', 'Pembelian');
INSERT INTO ta_aset.kiba VALUES('3333', '52037', '60', 'Tanah untuk Bangunan Irigasi', '01.01.13.08.001', '0033', 6814, 1/1/1945, 'Pakai', null, '', 'Rumah tinggal', 340700000, '', 'Pembelian');
INSERT INTO ta_aset.kiba VALUES('3334', '52038', '60', 'Tanah untuk Bangunan Irigasi', '01.01.13.08.001', '0034', 78, 1/1/1945, 'Pakai', null, '', 'Rumah tinggal', 3900000, '', 'Pembelian');
INSERT INTO ta_aset.kiba VALUES('3335', '52036', '60', 'Tanah untuk Bangunan Irigasi', '01.01.13.08.001', '0035', 46980, 1/1/1945, 'Pakai', null, '', 'Rumah tinggal', 2349000000, '', 'Pembelian');
INSERT INTO ta_aset.kiba VALUES('3336', '52039', '60', 'Tanah untuk Bangunan Irigasi', '01.01.13.08.001', '0036', 71440, 1/1/1945, 'Pakai', null, '', 'Rumah tinggal', 3572000000, '', 'Pembelian');
INSERT INTO ta_aset.kiba VALUES('3337', '52040', '60', 'Tanah untuk Bangunan Irigasi', '01.01.13.08.001', '0037', 31890, 1/1/1945, 'Pakai', null, '', 'Rumah tinggal', 1594500000, '', 'Pembelian');
INSERT INTO ta_aset.kiba VALUES('3338', '52040', '60', 'Tanah untuk Bangunan Irigasi', '01.01.13.08.001', '0038', 24720, 1/1/1945, 'Pakai', null, '', 'Rumah tinggal', 1236000000, '', 'Pembelian');
INSERT INTO ta_aset.kiba VALUES('3339', '52041', '60', 'Tanah untuk Bangunan Irigasi', '01.01.13.08.001', '0039', 5567, 1/1/1945, 'Pakai', null, '', 'Rumah tinggal', 278350000, '', 'Pembelian');
INSERT INTO ta_aset.kiba VALUES('3340', '52042', '60', 'Tanah untuk Bangunan Irigasi', '01.01.13.08.001', '0040', 1400, 1/1/1945, 'Pakai', null, '', 'Rumah tinggal', 70000000, '', 'Pembelian');
INSERT INTO ta_aset.kiba VALUES('3341', '52043', '60', 'Tanah untuk Bangunan Irigasi', '01.01.13.08.001', '0041', 1260, 1/1/1945, 'Pakai', null, '', 'Rumah tinggal', 63000000, '', 'Pembelian');
INSERT INTO ta_aset.kiba VALUES('3342', '52025', '60', 'Tanah untuk Bangunan Irigasi', '01.01.13.08.001', '0042', 19120, 1/1/1945, 'Pakai', null, '', 'Rumah tinggal', 956000000, '', 'Pembelian');
INSERT INTO ta_aset.kiba VALUES('3343', '52044', '60', 'Tanah untuk Bangunan Irigasi', '01.01.13.08.001', '0043', 89875, 1/1/1945, 'Pakai', null, '', 'Rumah tinggal', 4493750000, '', 'Pembelian');
INSERT INTO ta_aset.kiba VALUES('3344', '52045', '60', 'Tanah untuk Bangunan Irigasi', '01.01.13.08.001', '0044', 49508, 1/1/1945, 'Pakai', null, '', 'Rumah tinggal', 2475400000, '', 'Pembelian');
INSERT INTO ta_aset.kiba VALUES('3345', '52045', '60', 'Tanah untuk Bangunan Irigasi', '01.01.13.08.001', '0045', 4172, 1/1/1945, 'Pakai', null, '', 'Rumah tinggal', 208600000, '', 'Pembelian');


INSERT INTO ta_aset.kibd VALUES('4001', '52046', '60', 'AS01', 'Irigasi Cipeujeuh', '04.03.01.01.01', '0001', 'Permanen', 7190, 4, 437, null, '-', 'Pemda', '-', 'APBD', 69417000, 'KB', '');
INSERT INTO ta_aset.kibd VALUES('4002', '52047', '60', 'AS01', 'Irigasi Cimaragas', '04.03.01.01.01', '0002', 'Permanen', 10500, 5, 809, null, '-', 'Pemda', '-', 'APBD', 1180410000, 'KB', '');
INSERT INTO ta_aset.kibd VALUES('4003', '52068', '60', 'AS01', 'Irigasi Cisangkan', '04.03.01.01.01', '0003', 'Permanen', 3000, 3, 118, null, '-', 'Pemda', '-', 'APBD', 30758000, 'KB', '');
INSERT INTO ta_aset.kibd VALUES('4004', '52049', '60', 'AS01', 'Irigasi Badama', '04.03.01.01.01', '0004', 'Permanen', 7505, 5, 556, null, '-', 'Pemda', '-', 'APBD', 496607000, 'B', '');
INSERT INTO ta_aset.kibd VALUES('4005', '52049', '60', 'AS01', 'Irigasi Cikamiri II', '04.03.01.01.01', '0005', 'Permanen', 2500, 2.5, 354, null, '-', 'Pemda', '-', 'APBD', 474777000, 'B', '');
INSERT INTO ta_aset.kibd VALUES('4006', '52007', '60', 'AS01', 'Irigasi Cibuyutan Selatan', '04.03.01.01.01', '0006', 'Permanen', 2680, 2.5, 322, null, '-', 'Pemda', '-', 'APBD', 347893000, 'B', '');
INSERT INTO ta_aset.kibd VALUES('4007', '52047', '60', 'AS01', 'Irigasi Ciojar', '04.03.01.01.01', '0007', 'Permanen', 4300, 5, 303, null, '-', 'Pemda', '-', 'APBD', 404744000, 'B', '');
INSERT INTO ta_aset.kibd VALUES('4008', '52007', '60', 'AS01', 'Irigasi Parigi', '04.03.01.01.01', '0008', 'Permanen', 2680, 3, 408, null, '-', 'Pemda', '-', 'APBD', 10160000, 'KB', '');
INSERT INTO ta_aset.kibd VALUES('4009', '52050', '60', 'AS01', 'Irigasi Beulahnangka', '04.03.01.01.01', '0009', 'Permanen', 4000, 3, 459, null, '-', 'Pemda', '-', 'APBD', 614612000, 'B', '');
INSERT INTO ta_aset.kibd VALUES('4010', '52050', '60', 'AS01', 'Irigasi Ciroyom', '04.03.01.01.01', '0010', 'Permanen', 3400, 3.5, 762, null, '-', 'Pemda', '-', 'APBD', 272079000, 'KB', '');
INSERT INTO ta_aset.kibd VALUES('4011', '52051', '60', 'AS01', 'Irigasi Cikamiri', '04.03.01.01.01', '0011', 'Permanen', 4077, 3, 765, null, '-', 'Pemda', '-', 'APBD', 156084000, 'KB', '');
INSERT INTO ta_aset.kibd VALUES('4012', '52015', '60', 'AS01', 'Irigasi Cibuyutan Utara', '04.03.01.01.01', '0012', 'Permanen', 7000, 4.5, 463, null, '-', 'Pemda', '-', 'APBD', 18412000, 'KB', '');
INSERT INTO ta_aset.kibd VALUES('4013', '52069', '60', 'AS01', 'Irigasi Citikey', '04.03.01.01.01', '0013', 'Permanen', 7800, 4, 375, null, '-', 'Pemda', '-', 'APBD', 1445000, 'KB', '');
INSERT INTO ta_aset.kibd VALUES('4014', '52052', '60', 'AS01', 'Irigasi Cicapar', '04.03.01.01.01', '0014', 'Permanen', 2400, 3, 277, null, '-', 'Pemda', '-', 'APBD', 24494450, 'KB', '');
INSERT INTO ta_aset.kibd VALUES('4015', '52053', '60', 'AS01', 'Irigasi Cipancar', '04.03.01.01.01', '0015', 'Permanen', 10810, 3.5, 520, null, '-', 'Pemda', '-', 'APBD', 69651000, 'KB', '');
INSERT INTO ta_aset.kibd VALUES('4016', '52015', '60', 'AS01', 'Irigasi Cimarijawa', '04.03.01.01.01', '0016', 'Permanen', 2500, 3, 437, null, '-', 'Pemda', '-', 'APBD', 141773000, 'KB', '');
INSERT INTO ta_aset.kibd VALUES('4017', '52053', '60', 'AS01', 'Irigasi Cisalak', '04.03.01.01.01', '0017', 'Permanen', 4000, 2.5, 61, null, '-', 'Pemda', '-', 'APBD', 255446000, 'B', '');
INSERT INTO ta_aset.kibd VALUES('4018', '52054', '60', 'AS01', 'Irigasi Citameng I', '04.03.01.01.01', '0018', 'Permanen', 7600, 3, 507, null, '-', 'Pemda', '-', 'APBD', 142645000, 'KB', '');
INSERT INTO ta_aset.kibd VALUES('4019', '52055', '60', 'AS01', 'Irigasi Citameng II', '04.03.01.01.01', '0019', 'Permanen', 5250, 3, 341, null, '-', 'Pemda', '-', 'APBD', 22801000, 'KB', '');
INSERT INTO ta_aset.kibd VALUES('4020', '52055', '60', 'AS01', 'Irigasi Citameng III', '04.03.01.01.01', '0020', 'Permanen', 4942, 3, 151, null, '-', 'Pemda', '-', 'APBD', 29305000, 'KB', '');
INSERT INTO ta_aset.kibd VALUES('4021', '52055', '60', 'AS01', 'Irigasi Citameng IV', '04.03.01.01.01', '0021', 'Permanen', 8056, 3, 484, null, '-', 'Pemda', '-', 'APBD', 7313000, 'KB', '');
INSERT INTO ta_aset.kibd VALUES('4022', '52056', '60', 'AS01', 'Irigasi Cipacing', '04.03.01.01.01', '0022', 'Permanen', 3040, 3, 270, null, '-', 'Pemda', '-', 'APBD', 154532000, 'KB', '');
INSERT INTO ta_aset.kibd VALUES('4023', '52071', '60', 'AS01', 'Irigasi Cianten', '04.03.01.01.01', '0023', 'Permanen', 5348, 3, 586, null, '-', 'Pemda', '-', 'APBD', 23624000, 'KB', '');
INSERT INTO ta_aset.kibd VALUES('4024', '52057', '60', 'AS01', 'Irigasi Cibedug', '04.03.01.01.01', '0024', 'Permanen', 5132, 3, 517, null, '-', 'Pemda', '-', 'APBD', 274804000, 'KB', '');
INSERT INTO ta_aset.kibd VALUES('4025', '52057', '60', 'AS01', 'Irigasi Leuwibolang', '04.03.01.01.01', '0025', 'Permanen', 7000, 2.5, 154, null, '-', 'Pemda', '-', 'APBD', 245331000, 'KB', '');
INSERT INTO ta_aset.kibd VALUES('4026', '52058', '60', 'AS01', 'Irigasi Baranangsiang', '04.03.01.01.01', '0026', 'Permanen', 17000, 5, 882, null, '-', 'Pemda', '-', 'APBD', 160570000, 'KB', '');
INSERT INTO ta_aset.kibd VALUES('4027', '52059', '60', 'AS01', 'Irigasi Cadasgantung', '04.03.01.01.01', '0027', 'Permanen', 5593, 5, 321, null, '-', 'Pemda', '-', 'APBD', 684952000, 'B', '');
INSERT INTO ta_aset.kibd VALUES('4028', '52059', '60', 'AS01', 'Irigasi Cimanuk', '04.03.01.01.01', '0028', 'Permanen', 16850, 5, 874, null, '-', 'Pemda', '-', 'APBD', 1069645000, 'KB', '');
INSERT INTO ta_aset.kibd VALUES('4029', '52058', '60', 'AS01', 'Irigasi Cikuray', '04.03.01.01.01', '0029', 'Permanen', 7000, 3, 75, null, '-', 'Pemda', '-', 'APBD', 239626000, 'KB', '');
INSERT INTO ta_aset.kibd VALUES('4030', '52060', '60', 'AS01', 'Irigasi Simpangsari', '04.03.01.01.01', '0030', 'Permanen', 2500, 2, 236, null, '-', 'Pemda', '-', 'APBD', 138501000, 'KB', '');
INSERT INTO ta_aset.kibd VALUES('4031', '52061', '60', 'AS01', 'Irigasi Sindujaya', '04.03.01.01.01', '0031', 'Permanen', 16655, 3, 560, null, '-', 'Pemda', '-', 'APBD', 148457450, 'KB', '');
INSERT INTO ta_aset.kibd VALUES('4032', '52062', '60', 'AS01', 'Irigasi Leuwibitung', '04.03.01.01.01', '0032', 'Permanen', 7256, 2.5, 327, null, '-', 'Pemda', '-', 'APBD', 344471000, 'B', '');
INSERT INTO ta_aset.kibd VALUES('4033', '52072', '60', 'AS01', 'Irigasi Ciawi', '04.03.01.01.01', '0033', 'Permanen', 2000, 2.5, 344, null, '-', 'Pemda', '-', 'APBD', 369319000, 'KB', '');
INSERT INTO ta_aset.kibd VALUES('4034', '52064', '60', 'AS01', 'Irigasi Curug Ngebul', '04.03.01.01.01', '0034', 'Permanen', 3000, 2.5, 136, null, '-', 'Pemda', '-', 'APBD', 241573000, 'KB', '');
INSERT INTO ta_aset.kibd VALUES('4035', '52065', '60', 'AS01', 'Irigasi Cirompang', '04.03.01.01.01', '0035', 'Permanen', 12874, 2.5, 847, null, '-', 'Pemda', '-', 'APBD', 180066200, 'KB', '');
INSERT INTO ta_aset.kibd VALUES('4036', '52065', '60', 'AS01', 'Irigasi Cipandan', '04.03.01.01.01', '0036', 'Permanen', 2500, 2, 250, null, '-', 'Pemda', '-', 'APBD', 65945400, 'KB', '');
INSERT INTO ta_aset.kibd VALUES('4037', '52066', '60', 'AS01', 'Irigasi Cijayana', '04.03.01.01.01', '0037', 'Permanen', 4000, 2, 286, null, '-', 'Pemda', '-', 'APBD', 132668666, 'KB', '');
INSERT INTO ta_aset.kibd VALUES('4038', '52067', '60', 'AS01', 'Irigasi Cipancong', '04.03.01.01.01', '0038', 'Permanen', 7658, 2, 355, null, '-', 'Pemda', '-', 'APBD', 712066000, 'B', '');
INSERT INTO ta_aset.kibd VALUES('4039', '52001', '60', 'AS04', 'Cibuyut', '04.03.05.01.01', '0001', 'Permanen', 0, 0, 2, null, '-', 'Milik Desa', '-', 'APBD', 0, 'KB', '');
INSERT INTO ta_aset.kibd VALUES('4040', '52002', '60', 'AS04', 'Bagendit', '04.03.05.01.01', '0002', 'Permanen', 0, 0, 84.2, null, '-', 'Pemda', '-', 'APBD', 0, 'RB', '');
INSERT INTO ta_aset.kibd VALUES('4041', '52003', '60', 'AS04', 'Cangkuang', '04.03.05.01.01', '0003', 'Permanen', 0, 0, 20.5, null, '-', 'Pemda', '-', 'APBD', 0, 'RB', '');
INSERT INTO ta_aset.kibd VALUES('4042', '52004', '60', 'AS04', 'Cijaruji', '04.03.05.01.01', '0004', 'Permanen', 0, 0, 0.75, null, '-', 'Milik Desa', '-', 'APBD', 0, 'KB', '');
INSERT INTO ta_aset.kibd VALUES('4043', '52005', '60', 'AS04', 'Sukarame', '04.03.05.01.01', '0005', 'Permanen', 0, 0, 5, null, '-', 'Milik Desa', '-', 'APBD', 0, 'RB', '');
INSERT INTO ta_aset.kibd VALUES('4044', '52006', '60', 'AS04', 'Cibitung', '04.03.05.01.01', '0006', 'Permanen', 0, 0, 3, null, '-', 'Milik Desa', '-', 'APBD', 0, 'KB', '');
INSERT INTO ta_aset.kibd VALUES('4045', '52007', '60', 'AS04', 'Rancakukuk', '04.03.05.01.01', '0007', 'Permanen', 0, 0, 50, null, '-', 'Milik Desa', '-', 'APBD', 0, 'KB', '');
INSERT INTO ta_aset.kibd VALUES('4046', '52008', '60', 'AS04', 'Calingcing', '04.03.05.01.01', '0008', 'Permanen', 0, 0, 1.65, null, '-', 'Milik Desa', '-', 'APBD', 0, 'KB', '');
INSERT INTO ta_aset.kibd VALUES('4047', '52009', '60', 'AS04', 'Cirukem', '04.03.05.01.01', '0009', 'Permanen', 0, 0, 0.06, null, '-', 'Milik Desa', '-', 'APBD', 0, 'B', '');
INSERT INTO ta_aset.kibd VALUES('4048', '52010', '60', 'AS04', 'Cirompang', '04.03.05.01.01', '0010', 'Permanen', 0, 0, 1.5, null, '-', 'Milik Desa', '-', 'APBD', 0, 'KB', '');
INSERT INTO ta_aset.kibd VALUES('4049', '52011', '60', 'AS04', 'Ciburiang', '04.03.05.01.01', '0011', 'Permanen', 0, 0, 1.5, null, '-', 'Milik Desa', '-', 'APBD', 0, 'RB', '');
INSERT INTO ta_aset.kibd VALUES('4050', '52012', '60', 'AS04', 'Hamirang', '04.03.05.01.01', '0012', 'Permanen', 0, 0, 0.01, null, '-', 'Milik Desa', '-', 'APBD', 0, 'RB', '');
INSERT INTO ta_aset.kibd VALUES('4051', '52013', '60', 'AS04', 'Cipanas', '04.03.05.01.01', '0013', 'Permanen', 0, 0, 1, null, '-', 'Milik Desa', '-', 'APBD', 0, 'KB', '');
INSERT INTO ta_aset.kibd VALUES('4052', '52014', '60', 'AS04', 'Cireang', '04.03.05.01.01', '0014', 'Permanen', 0, 0, 1.5, null, '-', 'Milik Desa', '-', 'APBD', 0, 'KB', '');
INSERT INTO ta_aset.kibd VALUES('4053', '52073', '60', 'AS02', 'DAS Cimanuk ', '04.03.03.06.010', '0001', 'Permanen', 92, 0, 0, null, '-', 'Pemda', '-', 'BUMD', 0, 'KB', '');
INSERT INTO ta_aset.kibd VALUES('4054', '52074', '60', 'AS02', 'DAS Cikandang', '04.03.03.06.010', '0002', 'Permanen', 37.98, 0, 0, null, '-', 'Pemda', '-', 'BUMD', 0, 'KB', '');
INSERT INTO ta_aset.kibd VALUES('4055', '52061', '60', 'AS02', 'DAS Cikaengan', '04.03.03.06.010', '0003', 'Permanen', 48.3, 0, 0, null, '-', 'Pemda', '-', 'BUMD', 0, 'KB', '');
INSERT INTO ta_aset.kibd VALUES('4056', '52075', '60', 'AS02', 'DAS Cilaki', '04.03.03.06.010', '0004', 'Permanen', 82, 0, 0, null, '-', 'Pemda', '-', 'BUMD', 0, 'KB', '');
INSERT INTO ta_aset.kibd VALUES('4057', '52062', '60', 'AS02', 'DAS Ciwulan', '04.03.03.06.010', '0005', 'Permanen', 55, 0, 0, null, '-', 'Pemda', '-', 'BUMD', 0, 'KB', '');
INSERT INTO ta_aset.kibd VALUES('4058', '52049', '60', 'AS03', 'Pengendalian Banjir Perkotaan Sistem Badama (Jl. Subyadinata - Proklamasi - Nusa Indah) Kec. Tarogong Kidul', '04.03.03.06.010', '0001', 'Permanen', 576.85, 0, 0, null, '-', 'Pemda', '-', 'BUMD', 1162145000, 'KB', '');

INSERT INTO ta_aset.kibf VALUES('1701', '60', '52049', 'AS01', 'Rehabilitasi/Peningkatan Jaringan Irigasi DI. Badama', 'Permanen', '-', 'Beton', 527.2, 5/16/2018, '602.1/009/KTR/PPK/RPJI.DAK/PUPR/III/2018', 6/14/2018, '-', '-', 492550000, '', 'APBD');
INSERT INTO ta_aset.kibf VALUES('1702', '60', '52007', 'AS01', 'Rehabilitasi/Peningkatan Jaringan Irigasi DI. Ciojar', 'Permanen', '-', 'Beton', 632.3, 4/24/2018, '602.1/005/KTR/PPK/RPJI.DAK/PUPR/I/2018', 5/22/2018,  '-', '-', 400687000, '', 'APBD');
INSERT INTO ta_aset.kibf VALUES('1703', '60', '52067', 'AS01', 'Rehabilitasi/Peningkatan Jaringan Irigasi DI. Cipancong ', 'Permanen', '-', 'Beton', 291.5, 5/9/2018, '602.1/007/KTR/PPK/RPJI.DAK/PUPR/I/2018', 6/19/2018,  '-', '-', 708007000, '', 'APBD');
INSERT INTO ta_aset.kibf VALUES('1704', '60', '52049', 'AS01', 'Rehabilitasi/Peningkatan Jaringan Irigasi DI. Cikamiri II ', 'Permanen', '-', 'Beton', 623, 4/25/2018, '602.1/001/KTR/PPK/RPJI.DAK/PUPR/I/2018', 5/17/2018,  '-', '-', 470720000, '', 'APBD');
INSERT INTO ta_aset.kibf VALUES('1705', '60', '52050', 'AS01', 'Rehabilitasi/Peningkatan Jaringan Irigasi  DI. Beulah Nangka ', 'Permanen', '-', 'Beton', 636, 5/2/2018, '602.1/006/KTR/PPK/RPJI.DAK/PUPR/I/2018', 6/1/2018,  '-', '-', 610555000, '', 'APBD');
INSERT INTO ta_aset.kibf VALUES('1706', '60', '52058', 'AS01', 'Rehabilitasi/Peningkatan Jaringan Irigasi DI. Cadasgantung ', 'Permanen', '-', 'Beton', 639.25, 5/8/2018, '602.1/002/KTR/PPK/RPJI.DAK/PUPR/I/2018', 6/19/2018,  '-', '-', 680895000, '', 'APBD');
INSERT INTO ta_aset.kibf VALUES('1707', '60', '52015', 'AS01', 'Rehabilitasi/Peningkatan Jaringan Irigasi  DI. Cibuyutan Selatan ', 'Permanen', '-', 'Beton', 292, 4/17/2018, '602.1/003/KTR/PPK/RPJI.DAK/PUPR/I/2018', 5/20/2018,  '-', '-', 343836000, '', 'APBD');
INSERT INTO ta_aset.kibf VALUES('1708', '60', '52053', 'AS01', 'Rehabilitasi/Peningkatan Jaringan Irigasi  DI. Cisalak ', 'Permanen', '-', 'Beton', 272.5, 5/17/2018, '602.1/008/KTR/PPK/RPJI.DAK/PUPR/III/2018', 6/21/2018,  '-', '-', 251389000, '', 'APBD');
INSERT INTO ta_aset.kibf VALUES('1709', '60', '52062', 'AS01', 'Rehabilitasi/Peningkatan Jaringan Irigasi DI. Leuwibitung ', 'Permanen', '-', 'Beton', 297.5, 4/10/2018, '602.1/004/KTR/PPK/RPJI.DAK/PUPR/I/2018', 5/7/2018,  '-', '-', 340414000, '', 'APBD');
INSERT INTO ta_aset.kibf VALUES('1710', '60', '52049', 'AS03', 'Pengendalian Banjir Perkotaan Sistem Badama ', 'Permanen', '', 'Beton', 576.85, 7/26/2018, '602.1/001/KTR/PPK/PBP/PUPR/VII/2018', 8/10/2018, '-', '-', 1162145000, '', 'APBD');

INSERT INTO ta_aset.ded VALUES('17001', 'C:\xampp\htdocs\SisfoInvenAset\file\170519_DED.xlsx');
